<?xml version="1.0" encoding="utf-8"?>
<layer-list xmlns:android="http://schemas.android.com/apk/res/android" >

    <item android:id="@android:id/background">
        <shape>
            <corners android:radius="10dip" />

            <gradient
                android:angle="270"
                android:centerColor="#ffd7d7d7"
                android:centerY="0.75"
                android:endColor="#ffdedede"
                android:startColor="#ffdedede" />
        </shape>
    </item>
    <item android:id="@android:id/secondaryProgress">
        <clip>
            <shape>
                <corners android:radius="10dip" />

                <gradient
                    android:angle="270"
                    android:centerColor="#80ffb600"
                    android:centerY="0.75"
                    android:endColor="#a0ffcb00"
                    android:startColor="#80ffd300" />
            </shape>
        </clip>
    </item>
    <item android:id="@android:id/progress">
        <clip>
            <shape>
                <corners android:radius="10dip" />

                <gradient
                    android:angle="270"
                    android:centerColor="#fffb4b38"
                    android:centerY="0.75"
                    android:endColor="#fff74735"
                    android:startColor="#fff74735" />
            </shape>
        </clip>
    </item>

</layer-list>